Designator,Val,Package,Mid X,Mid Y,Rotation,Layer
BT1,Battery,BatteryHolder_Keystone_1042_1x18650,173.8,-56.3,180,bottom
SW3,SW_RST,SW_SPST_Omron_B3FS-105xP,197.55,-36.6,90,bottom
AFF1,LTS-6960HR,7SegmentLED_LTS6760_LTS6780,139.52,-43.8,90,top
C1,C100N,C_0603_1608Metric,155.725,-61.1,0,top
C2,C10U,C_0603_1608Metric,207,-65.7,180,top
C3,C10U,C_0603_1608Metric,136.4,-54.175,-90,top
C4,C100N,C_0603_1608Metric,172.8,-44.1,90,top
C5,C10U,C_0603_1608Metric,214.7,-52,90,top
C6,C100N,C_0603_1608Metric,207,-64,180,top
C7,C100N,C_0603_1608Metric,138.2,-54.175,-90,top
C8,C100N,C_0603_1608Metric,216.4,-52,90,top
C9,C100N,C_0603_1608Metric,174.8,-44.1,90,top
C10,C10U,C_0603_1608Metric,211,-52,90,top
C11,C20P,C_0603_1608Metric,158.5,-56.875,90,top
C12,C100N,C_0603_1608Metric,212.7,-52,90,top
C13,C20P,C_0603_1608Metric,158.5,-60.825,-90,top
C14,C100N,C_0603_1608Metric,195.525,-67,0,top
C15,C100N,C_0603_1608Metric,184.8,-60.3,180,top
C16,C100N,C_0603_1608Metric,184.8,-58.6,180,top
C17,C100N,C_0603_1608Metric,198.125,-46.6,180,top
C18,C10U,C_0603_1608Metric,200.1,-59,180,top
C19,C10U,C_0603_1608Metric,143.3,-60.4,90,top
C20,C100N,C_0603_1608Metric,141.6,-60.4,90,top
C21,C4U7,C_0603_1608Metric,191.025,-36.4,180,top
C22,C4U7,C_0603_1608Metric,191.05,-43.9,0,top
D1,LED_DUAL,"SMD,2x3mm",204.5,-78.2,180,top
D2,BAT00,LED_Rectangular_W5.0mm_H2.0mm,167.8,-72.94,90,top
D3,BAT25,LED_Rectangular_W5.0mm_H2.0mm,170.8,-72.94,90,top
D4,BAT50,LED_Rectangular_W5.0mm_H2.0mm,173.8,-72.94,90,top
D5,BAT75,LED_Rectangular_W5.0mm_H2.0mm,176.8,-72.94,90,top
D6,BAT100,LED_Rectangular_W5.0mm_H2.0mm,179.8,-72.94,90,top
D7,LED_DUAL,"SMD-4P,3.5x2.8mm",155,-35.5,0,top
D8,PC13,LED_0805_2012Metric,159.3375,-50.4,0,top
J1,Conn_01x02_Pin,PinHeader_1x02_P2.54mm_Vertical,215.9,-37,0,top
J2,Conn_01x02_Pin,PinHeader_1x02_P2.54mm_Vertical,132.8,-50.14,180,top
J3,Conn_01x04_Pin,PinHeader_1x04_P2.54mm_Vertical,208.3,-76.98,180,top
J4,Conn_01x02_Pin,PinHeader_1x02_P2.54mm_Vertical,215.7,-65.64,180,top
J5,Conn_01x02_Pin,PinHeader_1x02_P2.54mm_Vertical,133.3,-64.9,180,top
J6,Conn_01x02_Pin,PinHeader_1x02_P2.54mm_Vertical,215.8,-46.74,180,top
J7,Conn_02x03_Counter_Clockwise,PinHeader_2x03_P2.54mm_Vertical,134.775,-42.14,180,top
J8,USB_C_Receptacle_USB2.0_14P,USB_C_Receptacle_G-Switch_GT-USB-7010ASV,192.9,-77.135,0,top
J9,Conn_02x04_Counter_Clockwise,IDC-Header_2x04_P2.54mm_Horizontal,170,-38.1,90,top
J10,Micro_SD_Card,MicroSD_Memory,147.75,-70.03,0,top
Q1,IRLML6402,SOT-23,191.05,-39.3,90,top
R1,R5K1,R_0603_1608Metric,155.725,-57.7,180,top
R2,R15K,R_0603_1608Metric,155.725,-59.4,0,top
R3,R10K,R_0603_1608Metric,172.8,-47.7,-90,top
R4,R10K,R_0603_1608Metric,174.8,-47.7,90,top
R5,R10K,R_0603_1608Metric,191.05,-47.4,0,top
R6,R5K1,R_0603_1608Metric,186.29,-72,90,top
R7,R5K1,R_0603_1608Metric,184.49,-72,-90,top
R8,R100K,R_0603_1608Metric,155.675,-52.4,180,top
R9,R100K,R_0603_1608Metric,155.675,-50.6,180,top
R10,R1K,R_0603_1608Metric,184.8,-55.3,0,top
R11,R1K,R_0603_1608Metric,184.8,-53.6,0,top
R12,R1K2,R_0603_1608Metric,195.525,-65.3,180,top
R13,R10K,R_0603_1608Metric,200.1,-57.3,180,top
R14,R330,R_0603_1608Metric,167.8,-76.2,-90,top
R15,R330,R_0603_1608Metric,170.8,-76.2,-90,top
R16,R1K5,R_0603_1608Metric,184.775,-63.3,0,top
R17,R330,R_0603_1608Metric,173.8,-76.2,-90,top
R18,R22,R_0603_1608Metric,184.775,-66.7,180,top
R19,R22,R_0603_1608Metric,184.775,-65,180,top
R20,R330,R_0603_1608Metric,176.8,-76.2,-90,top
R21,R10K,R_0603_1608Metric,198.125,-48.3,180,top
R22,R330,R_0603_1608Metric,179.8,-76.2,-90,top
R23,R330,R_0603_1608Metric,159.225,-52.4,0,top
R24,R330,R_0603_1608Metric,155.675,-47,180,top
R25,R330,R_0603_1608Metric,155.675,-45.3,180,top
R26,R10K,R_0603_1608Metric,145,-60.4,90,top
R27,R10K,R_0603_1608Metric,146.7,-60.4,90,top
R28,R4K7,R_0603_1608Metric,191.05,-33,0,top
R29,R10K,R_0603_1608Metric,148.4,-60.4,90,top
R30,R4K7,R_0603_1608Metric,191.05,-34.7,0,top
R31,R10K,R_0603_1608Metric,150.1,-60.4,90,top
R32,R47K,R_0603_1608Metric,191.05,-42.2,0,top
R33,R2K2,R_0603_1608Metric,191.05,-45.6,0,top
RA1,R330,R_0603_1608Metric,150.4,-54.2,-90,top
RB1,R330,R_0603_1608Metric,148.7,-54.2,-90,top
RC1,R330,R_0603_1608Metric,147,-54.2,-90,top
RD1,R330,R_0603_1608Metric,145,-54.2,-90,top
RE1,R330,R_0603_1608Metric,143.3,-54.2,-90,top
RF1,R330,R_0603_1608Metric,141.6,-54.175,-90,top
RG1,R330,R_0603_1608Metric,139.9,-54.175,-90,top
SW1,SW_In,SW_SPST_Omron_B3FS-105xP,165.3,-45.9,-90,top
SW2,SW_Out,SW_SPST_Omron_B3FS-105xP,182.3,-45.9,90,top
U1,NCP115,TSOP-5_1.65x3.05mm_P0.95mm,208.7,-59.5,180,top
U2,TP4056,SOIC-8-1EP_3.9x4.9mm_P1.27mm_EP2.29x3mm,194.75,-59.73,90,top
U3,STM32F103C8T6,LQFP-48_7x7mm_P0.5mm,173.8,-59,-45,top
U4,DW01,SOT-23-6_Handsoldering,195.4,-52.5,90,top
U5,FS8205A,SOT-23-6_Handsoldering,202.6,-51.4,0,top
Y1,Crystal,Crystal_SMD_ECS_CSM3X-2Pin_7.6x4.1mm,162,-58.85,90,top
